{
    "type": "minecraft:block",
    "pools": [
      {
        "bonus_rolls": 0,
        "entries": [
          {
            "type": "minecraft:item",
            "functions": [
              {
                "add": false,
                "count": {
                  "type": "minecraft:uniform",
                  "max": 2,
                  "min": 1
                },
                "function": "minecraft:set_count"
              },
              {
                "function": "minecraft:explosion_decay"
              }
            ],
            "name": "minecraft:cherry_planks"
          }
        ],
        "rolls": 1
      }
    ],
    "random_sequence": "minecraft:blocks/chorus_plant"
  }