{
  "type": "minecraft:block",
  "pools": [
    {
      "rolls": 1,
      "entries": [
        {
          "type": "minecraft:item",
          "name": "end_stone"
        }
      ],
      "conditions": [
        {
          "condition": "minecraft:reference",
          "name": "tower:limit/loot/above_limit"
        }
      ]
    },
    {
      "bonus_rolls": 0,
      "functions": [
        {
          "function": "minecraft:set_count",
          "count": {
            "min": 1,
            "max": 2
          }
        }
      ],
      "conditions": [
        {
          "condition": "minecraft:survives_explosion"
        },
        {
          "condition": "minecraft:reference",
          "name": "tower:limit/loot/below_limit"
        }
      ],
      "entries": [
        {
          "type": "minecraft:item",
          "name": "minecraft:end_stone"
        }
      ],
      "rolls": 1
    },
    {
      "bonus_rolls": 0,
      "conditions": [
        {
          "condition": "minecraft:survives_explosion"
        },
        {
          "condition": "minecraft:reference",
          "name": "tower:limit/loot/below_limit"
        }
      ],
      "entries": [
        {
          "type": "minecraft:item",
          "name": "minecraft:birch_planks",
          "functions": [
            {
              "function": "minecraft:set_count",
              "count": {
                "type": "minecraft:uniform",
                "min": 2,
                "max": 4
              }
            }
          ]
        }
      ],
      "rolls": 1
    }
  ],
  "random_sequence": "minecraft:blocks/end_stone"
}