{
    "type": "minecraft:block",
    "pools": [
      {
        "rolls": 1,
        "entries": [
          {
            "type": "minecraft:item",
            "name": "soul_soil"
          }
        ],
        "conditions": [
          {
            "condition": "minecraft:reference",
            "name": "tower:limit/loot/above_limit"
          }
        ]
      },
      {
        "bonus_rolls": 0,
        "conditions": [
          {
            "condition": "minecraft:survives_explosion"
          },
          {
            "condition": "minecraft:reference",
            "name": "tower:limit/loot/below_limit"
          }
        ],
        "entries": [
          {
            "type": "minecraft:item",
            "name": "minecraft:soul_soil",
            "functions": [
              {
                "function": "minecraft:set_count",
                "count": {
                  "type": "minecraft:uniform",
                  "min": 1,
                  "max": 2
                }
              }
            ]
          }
        ],
        "rolls": 1
      },
      {
        "bonus_rolls": 0,
        "conditions": [
          {
            "condition": "minecraft:survives_explosion"
          },
          {
            "condition": "minecraft:reference",
            "name": "tower:limit/loot/below_limit"
          }
        ],
        "entries": [
          {
            "type": "minecraft:item",
            "name": "minecraft:dark_oak_planks",
            "functions": [
              {
                "function": "minecraft:set_count",
                "count": {
                  "type": "minecraft:uniform",
                  "min": 2,
                  "max": 4
                }
              }
            ]
          }
        ],
        "rolls": 1
      }
    ],
    "random_sequence": "minecraft:blocks/soul_soil"
  }