{
    "type": "minecraft:block",
    "pools": [
      {
        "bonus_rolls": 0,
        "conditions": [
          {
            "condition": "minecraft:survives_explosion"
          }
        ],
        "entries": [
          {
            "type": "minecraft:item",
            "name": "minecraft:bamboo_planks",
            "functions": [
              {
                "function": "reference",
                "name": "tower:plank_count"
              }
            ]
          }
        ],
        "rolls": 1
      }
    ],
    "random_sequence": "minecraft:blocks/warped_stem"
  }