{
  "stats": {
    "minecraft:custom": {
      "minecraft:time_since_rest": 489,
      "minecraft:walk_one_cm": 3590,
      "minecraft:leave_game": 2,
      "minecraft:damage_taken": 40,
      "minecraft:play_time": 3282,
      "minecraft:jump": 214,
      "minecraft:time_since_death": 484,
      "minecraft:sprint_one_cm": 8488,
      "minecraft:fall_one_cm": 1400,
      "minecraft:total_world_time": 3282,
      "minecraft:fly_one_cm": 69317,
      "minecraft:crouch_one_cm": 18,
      "minecraft:sneak_time": 12,
      "minecraft:deaths": 1
    }
  },
  "DataVersion": 4671
}