{
  "type": "minecraft:empty",
  "pools": [
    {
      "rolls": 1,
      "entries": [
        {
          "type": "minecraft:loot_table",
          "value": "tower:powerup/blocks/dirt",
          "weight": 10
        },
        {
          "type": "minecraft:loot_table",
          "value": "tower:powerup/blocks/oak_planks",
          "weight": 25
        },
        {
          "type": "minecraft:loot_table",
          "value": "tower:powerup/blocks/stone",
          "weight": 5
        },
        {
          "type": "minecraft:loot_table",
          "value": "tower:powerup/blocks/glass",
          "weight": 10
        }
      ]
    }
  ]
}