{
  "type": "minecraft:chest",
  "pools": [
    {
      "rolls": {
        "type": "minecraft:uniform",
        "min": 3,
        "max": 7
      },
      "entries": [
        {
          "type": "minecraft:item",
          "name": "minecraft:stone_sword",
          "weight": 10
        },
        {
          "type": "minecraft:item",
          "name": "minecraft:bow",
          "weight": 5
        },
        {
          "type": "minecraft:item",
          "name": "minecraft:arrow",
          "weight": 10,
          "functions": [
            {
              "function": "minecraft:set_count",
              "count": {
                "type": "minecraft:uniform",
                "min": 2,
                "max": 4
              },
              "conditions": []
            }
          ]
        },
        {
          "type": "minecraft:item",
          "name": "minecraft:cooked_beef",
          "weight": 10,
          "functions": [
            {
              "function": "minecraft:set_count",
              "count": {
                "type": "minecraft:uniform",
                "min": 1,
                "max": 3
              }
            }
          ]
        },
        {
          "type": "minecraft:item",
          "name": "minecraft:iron_sword",
          "weight": 1
        },
        {
          "type": "minecraft:item",
          "name": "minecraft:leather_boots",
          "weight": 5
        },
        {
          "type": "minecraft:item",
          "name": "minecraft:leather_leggings",
          "weight": 5
        },
        {
          "type": "minecraft:item",
          "name": "minecraft:leather_chestplate",
          "weight": 5
        },
        {
          "type": "minecraft:item",
          "name": "minecraft:leather_helmet",
          "weight": 5
        },
        {
          "type": "minecraft:item",
          "name": "minecraft:chainmail_chestplate",
          "weight": 1
        },
        {
          "type": "minecraft:item",
          "name": "minecraft:iron_chestplate",
          "weight": 1
        },
        {
          "type": "minecraft:item",
          "name": "minecraft:iron_leggings",
          "weight": 1
        },
        {
          "type": "minecraft:item",
          "name": "minecraft:iron_helmet",
          "weight": 2
        },
        {
          "type": "minecraft:item",
          "name": "minecraft:iron_boots",
          "weight": 2
        }
      ]
    }
  ]
}