{
  "stats": {
    "minecraft:picked_up": {
      "minecraft:spruce_planks": 164
    },
    "minecraft:custom": {
      "minecraft:damage_resisted": 108,
      "minecraft:time_since_rest": 2695,
      "minecraft:walk_one_cm": 1510,
      "minecraft:leave_game": 1,
      "minecraft:damage_taken": 72,
      "minecraft:play_time": 2695,
      "minecraft:jump": 77,
      "minecraft:time_since_death": 2695,
      "minecraft:open_barrel": 2,
      "minecraft:sprint_one_cm": 4925,
      "minecraft:fall_one_cm": 4170,
      "minecraft:total_world_time": 2695,
      "minecraft:fly_one_cm": 8115,
      "minecraft:crouch_one_cm": 2052,
      "minecraft:sneak_time": 1288
    },
    "minecraft:used": {
      "minecraft:wooden_axe": 7,
      "minecraft:spruce_planks": 96
    },
    "minecraft:mined": {
      "minecraft:spruce_log": 7
    }
  },
  "DataVersion": 4671
}