{
    "type": "minecraft:entity",
    "pools": [
        {
            "rolls": 1,
            "entries": [
                {
                    "type": "minecraft:loot_table",
                    "value": "tower:powerup/blocks/_all",
                    "weight": 400,
                    "conditions": [
                        {
                            "condition": "minecraft:reference",
                            "name": "tower:powerup/loot/boost/low"
                        }
                    ]
                },
                {
                    "type": "minecraft:loot_table",
                    "value": "tower:powerup/build/_all",
                    "weight": 300,
                    "conditions": [
                        {
                            "condition": "minecraft:reference",
                            "name": "tower:powerup/loot/boost/low"
                        }
                    ]
                },
                {
                    "type": "minecraft:loot_table",
                    "value": "tower:powerup/arrows",
                    "weight": 200,
                    "conditions": [
                        {
                            "condition": "minecraft:reference",
                            "name": "tower:powerup/loot/boost/medium"
                        }
                    ]
                },
                {
                    "type": "minecraft:loot_table",
                    "value": "tower:powerup/wind_charges",
                    "weight": 200,
                    "conditions": [
                        {
                            "condition": "minecraft:reference",
                            "name": "tower:powerup/loot/boost/high"
                        }
                    ]
                },
                {
                    "type": "minecraft:loot_table",
                    "value": "tower:powerup/shield",
                    "weight": 50,
                    "conditions": [
                        {
                            "condition": "minecraft:reference",
                            "name": "tower:powerup/loot/boost/low"
                        }
                    ]
                },
                {
                    "type": "minecraft:loot_table",
                    "value": "tower:powerup/slime_block",
                    "weight": 85,
                    "conditions": [
                        {
                            "condition": "minecraft:reference",
                            "name": "tower:powerup/loot/boost/medium"
                        }
                    ]
                },
                {
                    "type": "minecraft:loot_table",
                    "value": "tower:powerup/dragon_fireball",
                    "weight": 40,
                    "conditions": [
                        {
                            "condition": "minecraft:reference",
                            "name": "tower:powerup/loot/boost/high"
                        },
                        {
                            "condition": "minecraft:reference",
                            "name": "tower:powerup/loot/stage_running"
                        }
                    ]
                },
                {
                    "type": "minecraft:loot_table",
                    "value": "tower:powerup/fireball",
                    "weight": 100,
                    "conditions": [
                        {
                            "condition": "minecraft:reference",
                            "name": "tower:powerup/loot/boost/high"
                        },
                        {
                            "condition": "minecraft:reference",
                            "name": "tower:powerup/loot/stage_running"
                        }
                    ]
                },
                {
                    "type": "minecraft:loot_table",
                    "value": "tower:powerup/random_swap",
                    "weight": 100,
                    "conditions": [
                        {
                            "condition": "minecraft:reference",
                            "name": "tower:powerup/loot/boost/medium"
                        },
                        {
                            "condition": "minecraft:reference",
                            "name": "tower:powerup/loot/team_not_alone_opponent"
                        },
                        {
                            "condition": "minecraft:reference",
                            "name": "tower:powerup/loot/stage_running"
                        }
                    ]
                },
                {
                    "type": "minecraft:loot_table",
                    "value": "tower:powerup/tnt_rain",
                    "weight": 100,
                    "conditions": [
                        {
                            "condition": "minecraft:reference",
                            "name": "tower:powerup/loot/boost/high"
                        },
                        {
                            "condition": "minecraft:reference",
                            "name": "tower:powerup/loot/stage_running"
                        }
                    ]
                },
                {
                    "type": "minecraft:loot_table",
                    "value": "tower:powerup/lightning",
                    "weight": 100,
                    "conditions": [
                        {
                            "condition": "minecraft:reference",
                            "name": "tower:powerup/loot/boost/high"
                        },
                        {
                            "condition": "minecraft:reference",
                            "name": "tower:powerup/loot/stage_running"
                        }
                    ]
                },
                {
                    "type": "minecraft:loot_table",
                    "value": "tower:powerup/creeper",
                    "weight": 100,
                    "conditions": [
                        {
                            "condition": "minecraft:reference",
                            "name": "tower:powerup/loot/boost/low"
                        },
                        {
                            "condition": "minecraft:reference",
                            "name": "tower:powerup/loot/stage_running"
                        }
                    ]
                },
                {
                    "type": "minecraft:loot_table",
                    "value": "tower:powerup/ender_pearl",
                    "weight": 100,
                    "conditions": [
                        {
                            "condition": "minecraft:reference",
                            "name": "tower:powerup/loot/boost/medium"
                        }
                    ]
                },
                {
                    "type": "minecraft:loot_table",
                    "value": "tower:powerup/slow_falling",
                    "weight": 100,
                    "conditions": [
                        {
                            "condition": "minecraft:reference",
                            "name": "tower:powerup/loot/boost/low"
                        }
                    ]
                },
                {
                    "type": "minecraft:loot_table",
                    "value": "tower:powerup/teleport_up",
                    "weight": 150,
                    "conditions": [
                        {
                            "condition": "minecraft:reference",
                            "name": "tower:powerup/loot/boost/high"
                        },
                        {
                            "condition": "minecraft:reference",
                            "name": "tower:powerup/loot/team_not_alone_own"
                        }
                    ]
                },
                {
                    "type": "minecraft:loot_table",
                    "value": "tower:powerup/flamethrower",
                    "weight": 70,
                    "conditions": [
                        {
                            "condition": "minecraft:reference",
                            "name": "tower:powerup/loot/boost/high"
                        },
                        {
                            "condition": "minecraft:reference",
                            "name": "tower:powerup/loot/stage_running"
                        }
                    ]
                },
                {
                    "type": "minecraft:loot_table",
                    "value": "tower:powerup/water_bottle",
                    "weight": 100,
                    "conditions": [
                        {
                            "condition": "minecraft:reference",
                            "name": "tower:powerup/loot/boost/low"
                        }
                    ]
                },
                {
                    "type": "minecraft:loot_table",
                    "value": "tower:powerup/invisibility",
                    "weight": 100,
                    "conditions": [
                        {
                            "condition": "minecraft:reference",
                            "name": "tower:powerup/loot/boost/low"
                        }
                    ]
                },
                {
                    "type": "minecraft:loot_table",
                    "value": "tower:powerup/breeze",
                    "weight": 100,
                    "conditions": [
                        {
                            "condition": "minecraft:reference",
                            "name": "tower:powerup/loot/boost/low"
                        },
                        {
                            "condition": "minecraft:reference",
                            "name": "tower:powerup/loot/stage_running"
                        }
                    ]
                },
                {
                    "type": "minecraft:loot_table",
                    "value": "tower:powerup/blaze",
                    "weight": 100,
                    "conditions": [
                        {
                            "condition": "minecraft:reference",
                            "name": "tower:powerup/loot/boost/low"
                        },
                        {
                            "condition": "minecraft:reference",
                            "name": "tower:powerup/loot/stage_running"
                        }
                    ]
                }
            ]
        }
    ]
}