{
  "type": "minecraft:empty",
  "pools": [
    {
      "rolls": 1,
      "entries": [
        {
          "type": "minecraft:item",
          "name": "minecraft:creeper_banner_pattern",
          "functions": [
            {
              "function": "minecraft:set_name",
              "name": {
                "translate": "tower.powerup.creeper",
                "fallback": "Throw Creeper",
                "color": "green"
              },
              "target": "item_name"
            },
            {
              "function": "minecraft:set_components",
              "components": {
                "minecraft:lore": [
                  [{"text":" » ","color":"aqua","italic":false},{"translate":"tower.powerup.creeper.throw","fallback":"Throws a creeper","color":"#dddddd","italic":false}],
                  [{"text":" » ","color":"aqua","italic":false},{"translate":"tower.powerup.creeper.explode","fallback":"Creeper explodes near players","color":"#dddddd","italic":false}],
                  "",
                  [{"translate":"tower.powerup.hold.throw","fallback":"Hold %s to throw.","color":"#888888","italic":false,"with":[{"keybind":"key.use","color":"gold","italic":false}]}]
                ],
                "minecraft:consumable": {
                  "consume_seconds": 0.5,
                  "animation": "bow",
                  "has_consume_particles": false,
                  "sound": "entity.creeper.primed"
                },
                "minecraft:enchantment_glint_override": true,
                "minecraft:use_cooldown": {
                  "seconds": 5
                },
                "minecraft:max_stack_size": 64,
                "minecraft:item_model": "minecraft:creeper_spawn_egg",
                "minecraft:custom_data": {
                  "tower:powerup/glow": true
                }
              },
              "conditions": []
            }
          ]
        }
      ]
    }
  ],
  "functions": [],
  "random_sequence": "tower:powerup/creeper"
}