{
  "type": "minecraft:empty",
  "pools": [
    {
      "rolls": 1,
      "entries": [
        {
          "type": "minecraft:item",
          "name": "minecraft:ender_pearl",
          "functions": [
            {
              "function": "minecraft:set_components",
              "components": {
                "minecraft:lore": [
                  [{"text":" » ","color":"aqua","italic":false},{"translate":"tower.powerup.ender_pearl.throw","fallback":"Throws this ender pearl","color":"#dddddd","italic":false}],
                  [{"text":" » ","color":"aqua","italic":false},{"translate":"tower.powerup.ender_pearl.teleport","fallback":"Teleports you to target location","color":"#dddddd","italic":false}],
                  "",
                  [{"translate":"tower.powerup.press.throw","fallback":"Press %s to throw.","color":"#888888","italic":false,"with":[{"keybind":"key.use","color":"gold","italic":false}]}]
                ]
              }
            }
          ]
        }
      ]
    }
  ],
  "functions": [],
  "random_sequence": "tower:powerup/ender_pearl"
}