{
  "type": "minecraft:empty",
  "pools": [
    {
      "rolls": 1,
      "entries": [
        {
          "type": "minecraft:item",
          "name": "minecraft:flint",
          "functions": [
            {
              "function": "minecraft:set_name",
              "name": {
                "translate": "tower.powerup.fireball",
                "fallback": "Fireball",
                "color": "red"
              },
              "target": "item_name"
            },
            {
              "function": "minecraft:set_components",
              "components": {
                "minecraft:lore": [
                  [{"text":" » ","color":"aqua","italic":false},{"translate":"tower.powerup.fireball.shoots","fallback":"Shoots a fireball","color":"#dddddd","italic":false}],
                  [{"text":" » ","color":"aqua","italic":false},{"translate":"tower.powerup.fireball.explodes","fallback":"Explodes and burns at impact","color":"#dddddd","italic":false}],
                  [{"text":" » ","color":"aqua","italic":false},{"translate":"tower.powerup.travels.straight","fallback":"Travels in a straight line","color":"#dddddd","italic":false}],
                  "",
                  [{"translate":"tower.powerup.hold.shoot","fallback":"Hold %s to shoot.","color":"#888888","italic":false,"with":[{"keybind":"key.use","color":"gold","italic":false}]}]
                ],
                "minecraft:consumable": {
                  "consume_seconds": 0.5,
                  "animation": "brush",
                  "has_consume_particles": false,
                  "sound": "entity.zombie.infect"
                },
                "minecraft:enchantment_glint_override": true,
                "minecraft:use_cooldown": {
                  "seconds": 5
                },
                "minecraft:item_model": "minecraft:fire_charge",
                "minecraft:custom_data": {
                  "tower:powerup/glow": true
                }
              },
              "conditions": []
            }
          ]
        }
      ]
    }
  ],
  "functions": [],
  "random_sequence": "tower:powerup/fireball"
}