
{
    "type": "minecraft:empty",
    "pools": [
        {
            "rolls": 1,
            "entries": [
                {
                    "type": "minecraft:item",
                    "name": "minecraft:fermented_spider_eye",
                    "functions": [
                        {
                            "function": "minecraft:set_components",
                            "components": {
                                "minecraft:item_name": {"translate":"item.minecraft.potion.effect.invisibility","color":"#37e4ff","italic":false},
                                "minecraft:lore": [
                                    [{"text":" » ","color":"aqua","italic":false},{"translate":"tower.powerup.invisibility.drink","fallback":"Drink this potion to become invisible","color":"#dddddd","italic":false}],
                                    [{"text":" » ","color":"aqua","italic":false},{"translate":"tower.powerup.invisibility.items","fallback":"Items in your hand are still visible","color":"#dddddd","italic":false}],
                                    "",
                                    [{"translate":"tower.powerup.hold.drink","fallback":"Hold %s to drink.","color":"#888888","italic":false,"with":[{"keybind":"key.use","color":"gold","italic":false}]}]
                                ],
                                "minecraft:item_model": "minecraft:potion",
                                "minecraft:consumable": {
                                    "animation": "drink",
                                    "sound": "entity.generic.drink",
                                    "has_consume_particles": false,
                                    "on_consume_effects": [
                                        {
                                            "type": "minecraft:apply_effects",
                                            "effects": [
                                                {
                                                    "id": "invisibility",
                                                    "duration": 600,
                                                    "show_icon": true,
                                                    "show_particles": false
                                                }
                                            ]
                                        },
                                        {
                                            "type": "minecraft:remove_effects",
                                            "effects": [
                                                "glowing"
                                            ]
                                        }
                                    ],
                                    "consume_seconds": 1.5
                                },
                                "potion_contents": {
                                    "custom_color": 1630463
                                },
                                "tooltip_display": {
                                    "hidden_components": [
                                        "minecraft:potion_contents"
                                    ]
                                }
                            }
                        }
                    ]
                }
            ]
        }
    ],
    "functions": [],
    "random_sequence": "tower:powerup/invisibility"
}