{
  "type": "minecraft:empty",
  "pools": [
    {
      "rolls": 1,
      "entries": [
        {
          "type": "minecraft:item",
          "name": "minecraft:shield",
          "functions": [
            {
              "function": "minecraft:set_components",
              "components": {
                "minecraft:lore": [
                  [{"text":" » ","color":"aqua","italic":false},{"translate":"tower.powerup.shield.block","fallback":"Blocks arrows and other projectiles","color":"#dddddd","italic":false}],
                  [{"text":" » ","color":"aqua","italic":false},{"translate":"tower.powerup.shield.offhand","fallback":"Can be used in off hand","color":"#dddddd","italic":false}],
                  "",
                  [{"translate":"tower.powerup.press.offhand","fallback":"Press %s to switch to off hand.","color":"#888888","italic":false,"with":[{"keybind":"key.swapOffhand","color":"gold","italic":false}]}],
                  [{"translate":"tower.powerup.hold.block","fallback":"Hold %s to block.","color":"#888888","italic":false,"with":[{"keybind":"key.use","color":"gold","italic":false}]}]
                ],
                "minecraft:max_damage": 32
              },
              "conditions": []
            }
          ]
        }
      ]
    }
  ],
  "functions": [],
  "random_sequence": "tower:powerup/shield"
}