{
    "type": "minecraft:empty",
    "pools": [
        {
            "rolls": 1,
            "entries": [
                {
                    "type": "minecraft:item",
                    "name": "minecraft:turtle_scute",
                    "functions": [
                        {
                            "function": "minecraft:set_name",
                            "name": {
                                "translate": "tower.powerup.teleport_up",
                                "fallback": "Teleport Up",
                                "color": "light_purple"
                            },
                            "target": "item_name"
                        },
                        {
                            "function": "minecraft:set_components",
                            "components": {
                                "minecraft:lore": [
                                    [{"text":" » ","color":"aqua","italic":false},{"translate":"tower.powerup.teleport_up.teleports","fallback":"Teleports you to the highest player in your team","color":"#dddddd","italic":false}],
                                    "",
                                    [{"translate":"tower.powerup.hold.use","fallback":"Hold %s to use.","color":"#888888","italic":false,"with":[{"keybind":"key.use","color":"gold","italic":false}]}]
                                ],
                                "minecraft:consumable": {
                                    "consume_seconds": 0.5,
                                    "animation": "block",
                                    "has_consume_particles": false,
                                    "sound": "block.powder_snow.fall"
                                },
                                "item_model": "ender_eye",
                                "minecraft:enchantment_glint_override": true,
                                "minecraft:custom_data": {
                                  "tower:powerup/glow": true
                                }
                            }
                        }
                    ]
                }
            ]
        }
    ],
    "functions": [],
    "random_sequence": "tower:powerup/teleport_up"
}