{
    "type": "minecraft:empty",
    "pools": [
      {
        "rolls": 1,
        "entries": [
          {
            "type": "minecraft:item",
            "name": "minecraft:lingering_potion",
            "functions": [
                {
                    "function": "minecraft:set_count",
                    "count": {
                    "type": "minecraft:uniform",
                    "min": 1,
                    "max": 3
                    }
                },
                {
                    "function": "minecraft:set_components",
                    "components": {
                        "minecraft:custom_name": {"translate":"tower.powerup.water_bottle","fallback":"Water Bottle","color":"blue","italic":false},
                        "minecraft:item_model": "minecraft:splash_potion",
                        "minecraft:max_stack_size": 16,
                        "minecraft:potion_contents": {
                            "potion":"minecraft:water",
                            "custom_color":2852819,
                            "custom_effects":[
                                {
                                    "id":"minecraft:fire_resistance",
                                    "amplifier":0,
                                    "duration":1,
                                    "show_particles":false,
                                    "show_icon":false,
                                    "ambient":false
                                }
                            ]
                        },
                        "minecraft:lore": [
                            [{"text":" » ","color":"aqua","italic":false},{"translate":"tower.powerup.water_bottle.throw","fallback":"Throws a water bottle","color":"#dddddd","italic":false}],
                            [{"text":" » ","color":"aqua","italic":false},{"translate":"tower.powerup.water_bottle.extinguish","fallback":"Extinguishes fire on impact","color":"#dddddd","italic":false}],
                            "",
                            [{"translate":"tower.powerup.press.throw","fallback":"Press %s to throw.","color":"#888888","italic":false,"with":[{"keybind":"key.use","color":"gold","italic":false}]}]
                        ],
                        "minecraft:use_cooldown": {
                            "seconds": 1
                        },
                        "custom_data": {
                          "tower:powerup/glow": true
                        },
                        "tooltip_display": {
                            "hidden_components": [
                                "minecraft:potion_contents"
                            ]
                        }
                    }
                }
            ]
          }
        ]
      }
    ],
    "functions": [],
    "random_sequence": "tower:powerup/water_bottle"
  }