{
  "type": "minecraft:empty",
  "pools": [
    {
      "rolls": 1,
      "entries": [
        {
          "type": "minecraft:item",
          "name": "minecraft:wind_charge",
          "functions": [
            {
              "function": "minecraft:set_count",
              "count": {
                "type": "minecraft:uniform",
                "min": 8,
                "max": 16
              }
            },
            {
              "function": "minecraft:set_components",
              "components": {
                "minecraft:lore": [
                  [{"text":" » ","color":"aqua","italic":false},{"translate":"tower.powerup.wind_charges.shoots","fallback":"Shoots a wind charge","color":"#dddddd","italic":false}],
                  [{"text":" » ","color":"aqua","italic":false},{"translate":"tower.powerup.wind_charges.knockback","fallback":"Wind charges knockback players on impact","color":"#dddddd","italic":false}],
                  [{"text":" » ","color":"aqua","italic":false},{"translate":"tower.powerup.travels.straight","fallback":"Travels in a straight line","color":"#dddddd","italic":false}],
                  [{"text":" » ","color":"aqua","italic":false},{"translate":"tower.powerup.wind_charges.launch","fallback":"Shoot at your feet to launch yourself","color":"#dddddd","italic":false}],
                  "",
                  [{"translate":"tower.powerup.press.shoot","fallback":"Press %s to shoot.","color":"#888888","italic":false,"with":[{"keybind":"key.use","color":"gold","italic":false}]}]
                ],
                "minecraft:use_cooldown": {
                  "seconds": 3
                }
              }
            }
          ]
        }
      ]
    }
  ],
  "functions": [],
  "random_sequence": "tower:powerup/wind_charges"
}