{
  "type": "minecraft:empty",
  "pools": [
    {
      "rolls": 1,
      "entries": [
        {
          "type": "minecraft:item",
          "name": "minecraft:dragon_breath",
          "functions": [
            {
              "function": "minecraft:set_name",
              "name": {
                "translate": "tower.powerup.dragon_fireball",
                "fallback": "Dragon Fireball",
                "color": "light_purple"
              },
              "target": "item_name"
            },
            {
              "function": "minecraft:set_components",
              "components": {
                "minecraft:lore": [
                  "[{\"text\":\" » \",\"color\":\"aqua\",\"italic\":false},{\"translate\":\"tower.powerup.dragon_fireball.shoots\",\"fallback\":\"Shoots a dragon fireball\",\"color\":\"#dddddd\",\"italic\":false}]",
                  "[{\"text\":\" » \",\"color\":\"aqua\",\"italic\":false},{\"translate\":\"tower.powerup.dragon_fireball.summons\",\"fallback\":\"Summons a damage cloud at impact\",\"color\":\"#dddddd\",\"italic\":false}]",
                  "[{\"text\":\" » \",\"color\":\"aqua\",\"italic\":false},{\"translate\":\"tower.powerup.travels.straight\",\"fallback\":\"Travels in a straight line\",\"color\":\"#dddddd\",\"italic\":false}]",
                  "\"\"",
                  "[{\"translate\":\"tower.powerup.hold.shoot\",\"fallback\":\"Hold %s to shoot.\",\"color\":\"#888888\",\"italic\":false,\"with\":[{\"keybind\":\"key.use\",\"color\":\"gold\",\"italic\":false}]}]"
                ],
                "minecraft:consumable": {
                  "consume_seconds": 0.5,
                  "animation": "brush",
                  "has_consume_particles": false,
                  "sound": "entity.ender_dragon.flap"
                },
                "minecraft:use_cooldown": {
                  "seconds": 30
                },
                "minecraft:enchantment_glint_override": true,
                "minecraft:custom_data": {
                  "tower:powerup/glow": true
                }
              }
            }
          ]
        }
      ]
    }
  ],
  "functions": [],
  "random_sequence": "tower:powerup/dragon_fireball"
}