{
    "type": "minecraft:empty",
    "pools": [
      {
        "rolls": 1,
        "entries": [
          {
            "type": "minecraft:item",
            "name": "minecraft:crossbow",
            "functions": [
              {
                "function": "minecraft:set_name",
                "name": {
                  "translate": "tower.powerup.flamethrower",
                  "fallback": "Flamethrower",
                  "color": "gold"
                },
                "target": "item_name"
              },
              {
                "function": "minecraft:set_components",
                "components": {
                  "minecraft:lore": [
                    "[{\"text\":\" » \",\"color\":\"aqua\",\"italic\":false},{\"translate\":\"tower.powerup.flamethrower.shoots\",\"fallback\":\"Shoots three burning arrows\",\"color\":\"#dddddd\",\"italic\":false}]",
                    "[{\"text\":\" » \",\"color\":\"aqua\",\"italic\":false},{\"translate\":\"tower.powerup.flamethrower.ignites\",\"fallback\":\"Arrows ignite blocks at impact\",\"color\":\"#dddddd\",\"italic\":false}]",
                    "\"\"",
                    "[{\"translate\":\"tower.powerup.press.shoot\",\"fallback\":\"Press %s to shoot.\",\"color\":\"#888888\",\"italic\":false,\"with\":[{\"keybind\":\"key.use\",\"color\":\"gold\",\"italic\":false}]}]"
                  ],
                  "minecraft:enchantment_glint_override": true,
                  "max_damage": 3,
                  "custom_data": {
                    "tower:powerup": "flamethrower",
                    "tower:powerup/glow": true
                  },
                  "enchantments": {
                    "flame": 1,
                    "multishot": 1
                  },
                  "charged_projectiles": [
                    {
                      "id": "minecraft:arrow",
                      "count": 1
                    },
                    {
                      "id": "minecraft:arrow",
                      "count": 1
                    },
                    {
                      "id": "minecraft:arrow",
                      "count": 1
                    }
                  ]
                }
              }
            ]
          }
        ]
      }
    ],
    "functions": [],
    "random_sequence": "tower:powerup/flamethrower"
  }