{
  "type": "minecraft:empty",
  "pools": [
    {
      "rolls": 1,
      "entries": [
        {
          "type": "minecraft:item",
          "name": "minecraft:breeze_rod",
          "functions": [
            {
              "function": "minecraft:set_name",
              "name": {
                "translate": "tower.powerup.lightning",
                "fallback": "Lightning",
                "color": "aqua"
              },
              "target": "item_name"
            },
            {
              "function": "minecraft:set_components",
              "components": {
                "minecraft:lore": [
                  "[{\"text\":\" » \",\"color\":\"aqua\",\"italic\":false},{\"translate\":\"tower.powerup.lightning.strike\",\"fallback\":\"Strikes the enemy team with lightning\",\"color\":\"#dddddd\",\"italic\":false}]",
                  "\"\"",
                  "[{\"translate\":\"tower.powerup.hold.use\",\"fallback\":\"Hold %s to use.\",\"color\":\"#888888\",\"italic\":false,\"with\":[{\"keybind\":\"key.use\",\"color\":\"gold\",\"italic\":false}]}]"
                ],
                "minecraft:consumable": {
                  "consume_seconds": 0.5,
                  "animation": "block",
                  "has_consume_particles": false,
                  "sound": "entity.vex.ambient"
                },
                "minecraft:enchantment_glint_override": true,
                "minecraft:custom_data": {
                  "tower:powerup/glow": true
                }
              }
            }
          ]
        }
      ]
    }
  ],
  "functions": [],
  "random_sequence": "tower:powerup/lightning"
}