{
  "type": "minecraft:empty",
  "pools": [
    {
      "rolls": 1,
      "entries": [
        {
          "type": "minecraft:item",
          "name": "minecraft:compass",
          "functions": [
            {
              "function": "minecraft:set_name",
              "name": {
                "translate": "tower.powerup.random_swap",
                "fallback": "Player Swap",
                "color": "green"
              },
              "target": "item_name"
            },
            {
              "function": "minecraft:set_components",
              "components": {
                "minecraft:lore": [
                  "[{\"text\":\" » \",\"color\":\"aqua\",\"italic\":false},{\"translate\":\"tower.powerup.random_swap.swap\",\"fallback\":\"Swaps all players in the enemy team randomly\",\"color\":\"#dddddd\",\"italic\":false}]",
                  "\"\"",
                  "[{\"translate\":\"tower.powerup.hold.use\",\"fallback\":\"Hold %s to use.\",\"color\":\"#888888\",\"italic\":false,\"with\":[{\"keybind\":\"key.use\",\"color\":\"gold\",\"italic\":false}]}]"
                ],
                "minecraft:consumable": {
                  "consume_seconds": 0.5,
                  "animation": "block",
                  "has_consume_particles": false,
                  "sound": "block.powder_snow.fall"
                },
                "minecraft:enchantment_glint_override": true,
                "minecraft:custom_data": {
                  "tower:powerup/glow": true
                }
              }
            }
          ]
        }
      ]
    }
  ],
  "functions": [],
  "random_sequence": "tower:powerup/random_switch"
}