{
    "type": "minecraft:empty",
    "pools": [
        {
            "rolls": 1,
            "entries": [
                {
                    "type": "minecraft:item",
                    "name": "minecraft:splash_potion",
                    "functions": [
                        {
                            "function": "minecraft:set_components",
                            "components": {
                                "minecraft:lore": [
                                    "[{\"text\":\" » \",\"color\":\"aqua\",\"italic\":false},{\"translate\":\"tower.powerup.slow_falling.effect\",\"fallback\":\"Gives you a slow falling effect\",\"color\":\"#dddddd\",\"italic\":false}]",
                                    "[{\"text\":\" » \",\"color\":\"aqua\",\"italic\":false},{\"translate\":\"tower.powerup.slow_falling.splash\",\"fallback\":\"Throw to splash on you and other players\",\"color\":\"#dddddd\",\"italic\":false}]",
                                    "\"\"",
                                    "[{\"translate\":\"tower.powerup.press.throw\",\"fallback\":\"Press %s to throw.\",\"color\":\"#888888\",\"italic\":false,\"with\":[{\"keybind\":\"key.use\",\"color\":\"gold\",\"italic\":false}]}]"
                                ],
                                "potion_contents": {
                                    "potion": "minecraft:water",
                                    "custom_name": "slow_falling",
                                    "custom_effects": [
                                        {
                                            "id": "minecraft:slow_falling",
                                            "duration": 600
                                        }
                                    ]
                                }
                            }
                        }
                    ]
                }
            ]
        }
    ],
    "functions": [],
    "random_sequence": "tower:powerup/slow_falling"
}