{
  "type": "minecraft:empty",
  "pools": [
    {
      "rolls": 1,
      "entries": [
        {
          "type": "minecraft:item",
          "name": "minecraft:gunpowder",
          "functions": [
            {
              "function": "minecraft:set_name",
              "name": {
                "translate": "tower.powerup.tnt_rain",
                "fallback": "TNT Rain",
                "color": "red"
              },
              "target": "item_name"
            },
            {
              "function": "minecraft:set_components",
              "components": {
                "minecraft:lore": [
                  "[{\"text\":\" » \",\"color\":\"aqua\",\"italic\":false},{\"translate\":\"tower.powerup.tnt_rain.rains\",\"fallback\":\"Rains TNT down on the enemy team\",\"color\":\"#dddddd\",\"italic\":false}]",
                  "\"\"",
                  "[{\"translate\":\"tower.powerup.hold.use\",\"fallback\":\"Hold %s to use.\",\"color\":\"#888888\",\"italic\":false,\"with\":[{\"keybind\":\"key.use\",\"color\":\"gold\",\"italic\":false}]}]"
                ],
                "minecraft:consumable": {
                  "consume_seconds": 0.5,
                  "animation": "bow",
                  "has_consume_particles": false,
                  "sound": "entity.tnt.primed"
                },
                "minecraft:enchantment_glint_override": true,
                "minecraft:item_model": "minecraft:tnt",
                "minecraft:custom_data": {
                  "tower:powerup/glow": true
                },
                "minecraft:use_cooldown": {
                  "seconds": 10
                }
              }
            }
          ]
        }
      ]
    }
  ],
  "functions": [],
  "random_sequence": "tower:powerup/tnt_rain"
}